Empresa,URL atual,URL candidata,Plataforma atual,Plataforma proposta,Resultado,Detalhe,Evidência,Ação
Arcos Dorados (McDonald s),https://trabalheconosconamc.infojobs.com.br,https://corporativomc.gupy.io,Infojobs,Gupy,confirmed,confirmed_direct_ats,fonte_oficial=https://corporativomc.gupy.io/; destino_direto_confirmado,replace
Banco do Brasil,https://www.bb.com.br/pbb/pagina-inicial/sobre-nos/carreiras-no-bb,https://www.bb.com.br/pbb/pagina-inicial/sobre-nos/carreiras-no-bb,Vagas,Vagas,invalid,http_404,http=404; final=https://www.bb.com.br/pbb/pagina-inicial/sobre-nos/carreiras-no-bb; title=Erros,invalid_no_replacement
Band,https://band.jobs.recrut.ai/#openings,https://band.jobs.recrut.ai/#openings,Recrut.ai,Recrut.ai,confirmed,confirmed_direct_ats,http=200; final=https://band.jobs.recrut.ai/#openings; title=Trabalhe Conosco: Rede Bandeirantes de Comunicação,keep
Belvo,https://belvo.com/careers,https://belvo.com/careers,Lever,Site,confirmed,confirmed_career_page,fonte_oficial=https://belvo.com/careers; destino_direto_confirmado,keep
Braskem,https://epiw.fa.la1.oraclecloud.com/hcmUI/CandidateExperience/pt-BR/sites/CX_1001/requisitions,https://epiw.fa.la1.oraclecloud.com/hcmUI/CandidateExperience/pt-BR/sites/CX_1001/jobs,OracleCloud,Oracle Cloud,confirmed,confirmed_career_page,http=200; final=https://epiw.fa.la1.oraclecloud.com/hcmUI/CandidateExperience/pt-BR/sites/CX_1001/jobs; title=Braskem,replace
Braspress,https://braspress.pandape.infojobs.com.br,https://braspress.pandape.infojobs.com.br,PandaPe,PandaPé,confirmed,confirmed_direct_ats,http=200; final=https://braspress.pandape.infojobs.com.br/; title=Braspress - Trabalhe Conosco | Pandapé,keep
Camil Alimentos,https://platform.senior.com.br/hcmrs/hcm/curriculo/?tenant=camilcombr&tenantdomain=camil.com.br#!/vacancies/list,https://platform.senior.com.br/hcmrs/hcm/curriculo/?tenant=camilcombr&tenantdomain=camil.com.br#!/vacancies/list,Sênior,Senior,confirmed,confirmed_direct_ats,http=200; final=https://platform.senior.com.br/hcmrs/hcm/curriculo/?tenant=camilcombr&tenantdomain=camil.com.br#!/vacancies/list,keep
Cinépolis,https://cinepolis.pandape.infojobs.com.br,https://cinepolis.pandape.infojobs.com.br,PandaPe,PandaPé,confirmed,confirmed_direct_ats,http=200; final=https://cinepolis.pandape.infojobs.com.br/; title=CIN&#xC9;POLIS - Trabalhe Conosco | Pandapé,keep
Cobasi,https://cobasi.pandape.infojobs.com.br,https://cobasi.pandape.infojobs.com.br,InfoJobs,PandaPé,confirmed,confirmed_direct_ats,http=200; final=https://cobasi.pandape.infojobs.com.br/; title=COBASI - Trabalhe Conosco | Pandapé,keep
Coop,https://cooperativadeconsumo.pandape.infojobs.com.br,https://cooperativadeconsumo.pandape.infojobs.com.br,InfoJobs,PandaPé,confirmed,confirmed_direct_ats,http=200; final=https://cooperativadeconsumo.pandape.infojobs.com.br/; title=Coop Cooperativa de Consumo - Trabalhe Conosco | Pandapé,keep
Delta Air Lines,https://delta.avature.net/en_US/careers,https://delta.avature.net/en_US/careers,Avature,Avature,confirmed,confirmed_direct_ats,http=202; final=https://delta.avature.net/en_US/careers,keep
Docs,https://docs.inhire.com.br,https://docs.inhire.com.br,InHire,InHire,confirmed,confirmed_direct_ats,http=200; final=https://docs.inhire.com.br/,keep
Domino s Pizza,https://dominospizzabrasil.pandape.infojobs.com.br,https://dominospizzabrasil.pandape.infojobs.com.br,PandaPe,PandaPé,confirmed,confirmed_direct_ats,http=200; final=https://dominospizzabrasil.pandape.infojobs.com.br/; title=DOMINO&#x27;S PIZZA BRASIL - Trabalhe Conosco | Pandapé,keep
DuckDuckGo,https://jobs.ashbyhq.com/duck-duck-go,https://jobs.ashbyhq.com/duck-duck-go,Ashby,Ashby,confirmed,confirmed_direct_ats,http=200; final=https://jobs.ashbyhq.com/duck-duck-go,keep
Edenred (Ticket),https://wd3.myworkdaysite.com/pt-BR/recruiting/edenpeople/Edenred_Careers,https://wd3.myworkdaysite.com/pt-BR/recruiting/edenpeople/Edenred_Careers,Workday,Workday,confirmed,confirmed_direct_ats,http=200; final=https://wd3.myworkdaysite.com/pt-BR/recruiting/edenpeople/Edenred_Careers,keep
EMS,https://ems.izirh.io,https://ems.izirh.io,IziRH,IziRH,confirmed,confirmed_direct_ats,http=200; final=https://ems.izirh.io/,keep
EY,https://www.ey.com/pt_br/careers,https://www.ey.com/pt_br/careers,GigNow,GigNow,confirmed,confirmed_career_page,http=200; final=https://www.ey.com/pt_br/careers; title=Carreiras na EY | EY - Brasil,keep
Federação Paulista de Futebol,https://oportunidades.mindsight.com.br/fpf,https://oportunidades.mindsight.com.br/fpf,Mindsight,Mindsight,confirmed,confirmed_direct_ats,http=200; final=https://oportunidades.mindsight.com.br/fpf; title=Portal do Candidato,keep
FIAP,https://alura-fiap-pm3.inhire.app/vagas,https://alun.inhire.app/vagas,InHire,InHire,confirmed,confirmed_direct_ats,http=200; final=https://alun.inhire.app/vagas,replace
Ford,https://efds.fa.em5.oraclecloud.com/hcmUI/CandidateExperience/en/sites/CX_1/requisitions,https://efds.fa.em5.oraclecloud.com/hcmUI/CandidateExperience/en/sites/CX_1/jobs,OracleCloud,Oracle Cloud,confirmed,confirmed_career_page,http=200; final=https://efds.fa.em5.oraclecloud.com/hcmUI/CandidateExperience/en/sites/CX_1/jobs; title=Ford Global Career Site,replace
GE Healthcare,https://careers.gehealthcare.com,https://careers.gehealthcare.com/global/en,Phenom,Phenom,confirmed,confirmed_career_page,http=200; final=https://careers.gehealthcare.com/global/en; title=Careers at GE HealthCare | GE HealthCare jobs,replace
Grupo Carrefour,https://corporativo-grupocarrefourbrasil.pandape.infojobs.com.br,https://corporativo-grupocarrefourbrasil.pandape.infojobs.com.br,InfoJobs,PandaPé,confirmed,confirmed_direct_ats,http=200; final=https://corporativo-grupocarrefourbrasil.pandape.infojobs.com.br/; title=GRUPO CARREFOUR BRASIL (CORPORATIVO) - Trabalhe Conosco | Pandapé,keep
Grupo Habib's,https://grupohabibs.pandape.infojobs.com.br,https://grupohabibs.pandape.infojobs.com.br,InfoJobs,PandaPé,confirmed,confirmed_direct_ats,http=200; final=https://grupohabibs.pandape.infojobs.com.br/; title=GRUPO HABIB&#x27;S - Trabalhe Conosco | Pandapé,keep
Grupo Primo,https://jobs.quickin.io/grupo-primo/jobs,https://jobs.quickin.io/grupo-primo/jobs,Quickin,Quickin,confirmed,confirmed_direct_ats,http=200; final=https://jobs.quickin.io/grupo-primo/jobs; title=Vagas abertas- Grupo Primo,keep
Grupo RV,https://gruporv.pandape.infojobs.com.br,https://gruporv.pandape.infojobs.com.br,InfoJobs,PandaPé,confirmed,confirmed_direct_ats,http=200; final=https://gruporv.pandape.infojobs.com.br/; title=GRUPO RV - Trabalhe Conosco | Pandapé,keep
Hapvida NotreDame Intermédica,https://hapvidandi.pandape.infojobs.com.br,https://hapvidandi.pandape.infojobs.com.br,InfoJobs,PandaPé,confirmed,confirmed_direct_ats,http=200; final=https://hapvidandi.pandape.infojobs.com.br/; title=Hapvida NotreDame Interm&#xE9;dica - Trabalhe Conosco | Pandapé,keep
Heineken,https://careers.theheinekencompany.com/Brazil/search,https://careers.theheinekencompany.com/Job-Listing,SuccessFactors,SuccessFactors,confirmed,confirmed_career_page,http=200; final=https://careers.theheinekencompany.com/Job-Listing; title=Job Listing | HEINEKEN Careers,replace
IBM,https://www.ibm.com/br-pt/careers,https://www.ibm.com/br-pt/careers,Brasio,Brasio,confirmed,confirmed_career_page,http=200; final=https://www.ibm.com/br-pt/careers; title=Defina sua carreira com a IBM,keep
JPMorgan Chase,https://jpmc.fa.oraclecloud.com/hcmUI/CandidateExperience/en/sites/CX_1001/requisitions,https://jpmc.fa.oraclecloud.com/hcmUI/CandidateExperience/en/sites/CX_1001/jobs,OracleCloud,Oracle Cloud,confirmed,confirmed_career_page,http=200; final=https://jpmc.fa.oraclecloud.com/hcmUI/CandidateExperience/en/sites/CX_1001/jobs; title=JPMC Candidate Experience page,replace
Kavak,https://kavakcom.pandape.infojobs.com.br,https://kavakcom.pandape.infojobs.com.br,InfoJobs,PandaPé,confirmed,confirmed_direct_ats,http=200; final=https://kavakcom.pandape.infojobs.com.br/; title=Kavak.com - Trabalhe Conosco | Pandapé,keep
KPMG,https://kpmg.com/br/pt/home/carreiras.html,https://carreira.inhire.com.br/carreiras/kpmg,Avature,InHire,confirmed,confirmed_direct_ats,http=200; final=https://carreira.inhire.com.br/carreiras/kpmg,replace
Lar Cooperativa,https://www.lar.ind.br/trabalhe-conosco,https://platform.senior.com.br/hcmrs/hcm/curriculo/?tenant=lar&tenantdomain=lar.ind.br,Vagas,Senior,confirmed,confirmed_direct_ats,fonte_oficial=https://www.lar.ind.br/trabalhe-conosco; destino_direto_confirmado,replace
Marcopolo,https://www.marcopolo.com.br/carreiras,https://carreiramarcopolo.gupy.io,Vagas,Gupy,confirmed,confirmed_direct_ats,fonte_oficial=https://www.marcopolo.com.br/marcopolo-sa/trabalhe-conosco; destino_direto_confirmado,replace
Mash,https://mash.pandape.infojobs.com.br,https://mash.pandape.infojobs.com.br,InfoJobs,PandaPé,confirmed,confirmed_direct_ats,http=200; final=https://mash.pandape.infojobs.com.br/; title=MASH - Trabalhe Conosco | Pandapé,keep
Mondelez Internacional,https://wd3.myworkdaysite.com/en-US/recruiting/mdlz/External,https://wd3.myworkdaysite.com/en-US/recruiting/mdlz/External,Workday,Workday,confirmed,confirmed_direct_ats,http=200; final=https://wd3.myworkdaysite.com/en-US/recruiting/mdlz/External,keep
Mondial Eletrodomésticos,https://selecaogrupomk.vagas.solides.com.br,https://selecaogrupomk.vagas.solides.com.br,SOLIDES,Sólides,confirmed,confirmed_direct_ats,http=200; final=https://selecaogrupomk.vagas.solides.com.br/,keep
Notion,https://jobs.ashbyhq.com/notion,https://jobs.ashbyhq.com/notion,Ashby,Ashby,confirmed,confirmed_direct_ats,http=200; final=https://jobs.ashbyhq.com/notion,keep
ONR – Registro de Imóveis Eletrônico,https://jobs.quickin.io/registradores/jobs,https://jobs.quickin.io/registradores/jobs,Quickin,Quickin,confirmed,confirmed_no_openings,http=200; final=https://jobs.quickin.io/registradores/jobs; title=Vagas abertas- ONR,keep
Paraná Banco,https://jobs.quickin.io/paranabanco/jobs,https://jobs.quickin.io/paranabanco/jobs,Quickin,Quickin,confirmed,confirmed_direct_ats,http=200; final=https://jobs.quickin.io/paranabanco/jobs; title=Vagas abertas- Paraná Banco,keep
Passbolt,https://passbolt.inhire.com.br,https://passbolt.inhire.com.br,InHire,InHire,blocked,timeout,http=none; final=https://passbolt.inhire.com.br,blocked
PepsiCo,https://www.pepsicojobs.com/main,https://www.pepsicojobs.com/main,Kenexa,Kenexa,confirmed,confirmed_career_page,http=200; final=https://www.pepsicojobs.com/main; title=PepsiCo Careers,keep
Pernambucanas,https://vemprafamilia-pernambucanas.cliqx.com.br,https://vemprafamilia-pernambucanas.cliqx.com.br,CLIQQ,CLIQQ,confirmed,confirmed_career_page,http=200; final=https://vemprafamilia-pernambucanas.cliqx.com.br/; title=Pernambucanas,keep
Petlove,https://petlove.jobs.recrut.ai,https://petlove.jobs.recrut.ai,Recrut.ai,Recrut.ai,confirmed,confirmed_direct_ats,http=200; final=https://petlove.jobs.recrut.ai/; title=Trabalhe Conosco: Petlove,keep
Santander,https://www.santander.com.br/hotsite/carreiras,https://santander.wd3.myworkdayjobs.com/pt-BR/SantanderCareers,SuccessFactors,Workday,confirmed,confirmed_direct_ats,fonte_oficial=https://www.santander.com.br/hotsite/carreiras; destino_direto_confirmado,replace
Semantix,https://jobs.quickin.io/semantix/jobs,https://semantix.inhire.app/vagas,Quickin,InHire,confirmed,confirmed_direct_ats,fonte_oficial=https://www.semantix.ai/carreiras; destino_direto_confirmado,replace
Sólides,https://vagas.solides.com.br,https://vagas.solides.com.br,Sólides,Sólides,confirmed,confirmed_direct_ats,http=200; final=https://vagas.solides.com.br/,keep
Super Nosso,https://supernosso.recrut.ai,https://supernosso.recrut.ai,Recrut.ai,Recrut.ai,confirmed,confirmed_direct_ats,http=200; final=https://supernosso.recrut.ai/; title=Recrut.AI,keep
T4F - Time for Fun,https://t4f.vagas.solides.com.br,https://t4f.vagas.solides.com.br,Solides,Sólides,confirmed,confirmed_direct_ats,http=200; final=https://t4f.vagas.solides.com.br/,keep
Tok&Stok,https://tokstok.pandape.infojobs.com.br,https://tokstok.pandape.infojobs.com.br,InfoJobs,PandaPé,confirmed,confirmed_direct_ats,http=200; final=https://tokstok.pandape.infojobs.com.br/; title=TOK &amp; STOK - Trabalhe Conosco | Pandapé,keep
UP Brasil,https://upbrasil.pandape.infojobs.com.br,https://upbrasil.pandape.infojobs.com.br,InfoJobs,PandaPé,confirmed,confirmed_direct_ats,http=200; final=https://upbrasil.pandape.infojobs.com.br/; title=UP BRASIL - Trabalhe Conosco | Pandapé,keep
